user_id, trial_type, target_distance, target_start_pos, sw_pos_x, sw_pos_y, sw_pos_z, sw_rot_x, sw_rot_y, sw_rot_z, sw_rot_w, finger_relative_pos_x, finger_relative_pos_y, finger_relative_pos_z, target_local_x, target_local_y, target_local_z, nr_of_clutches, is_panning, timestamp, task_number
user2,midair,short,-2_2,-0.2731,0.8504,-0.1679,-0.0266,0.3681,0.0309,-0.9289,0.0289,0.0275,0.0035,-0.2000,0.0005,0.2000,0,0,1.4271,16
user2,midair,short,-2_2,-0.2725,0.8506,-0.1679,-0.0263,0.3681,0.0314,-0.9289,0.0280,0.0276,0.0031,-0.2000,0.0005,0.2000,0,0,1.4345,16
user2,midair,short,-2_2,-0.2719,0.8507,-0.1679,-0.0260,0.3681,0.0318,-0.9289,0.0272,0.0276,0.0026,-0.2000,0.0005,0.2000,1,1,1.4876,16
user2,midair,short,-2_2,-0.2714,0.8509,-0.1679,-0.0258,0.3682,0.0323,-0.9288,0.0265,0.0276,0.0020,-0.2016,0.0005,0.1990,1,1,1.4927,16
user2,midair,short,-2_2,-0.2709,0.8510,-0.1679,-0.0255,0.3682,0.0327,-0.9288,0.0258,0.0276,0.0015,-0.2023,0.0005,0.1985,1,1,1.4942,16
user2,midair,short,-2_2,-0.2704,0.8511,-0.1679,-0.0252,0.3683,0.0330,-0.9288,0.0251,0.0275,0.0011,-0.2029,0.0005,0.1980,1,1,1.5022,16
user2,midair,short,-2_2,-0.2699,0.8512,-0.1679,-0.0249,0.3682,0.0333,-0.9288,0.0245,0.0275,0.0006,-0.2035,0.0005,0.1975,1,1,1.5188,16
user2,midair,short,-2_2,-0.2695,0.8514,-0.1678,-0.0246,0.3682,0.0336,-0.9288,0.0240,0.0275,0.0002,-0.2040,0.0005,0.1971,1,1,1.5360,16
user2,midair,short,-2_2,-0.2690,0.8515,-0.1678,-0.0244,0.3682,0.0339,-0.9288,0.0235,0.0275,-0.0002,-0.2045,0.0005,0.1967,1,1,1.5515,16
user2,midair,short,-2_2,-0.2686,0.8516,-0.1678,-0.0241,0.3681,0.0341,-0.9288,0.0230,0.0274,-0.0006,-0.2050,0.0005,0.1963,1,1,1.5689,16
user2,midair,short,-2_2,-0.2683,0.8517,-0.1678,-0.0239,0.3682,0.0339,-0.9288,0.0227,0.0274,-0.0010,-0.2053,0.0005,0.1959,1,1,1.5855,16
user2,midair,short,-2_2,-0.2679,0.8518,-0.1678,-0.0237,0.3683,0.0336,-0.9288,0.0224,0.0273,-0.0014,-0.2056,0.0005,0.1955,1,1,1.6022,16
user2,midair,short,-2_2,-0.2676,0.8519,-0.1678,-0.0235,0.3684,0.0334,-0.9288,0.0221,0.0273,-0.0018,-0.2059,0.0005,0.1952,1,1,1.6188,16
user2,midair,short,-2_2,-0.2673,0.8520,-0.1678,-0.0234,0.3684,0.0339,-0.9287,0.0223,0.0272,-0.0024,-0.2057,0.0005,0.1945,1,1,1.6347,16
user2,midair,short,-2_2,-0.2670,0.8520,-0.1678,-0.0233,0.3685,0.0343,-0.9287,0.0227,0.0269,-0.0032,-0.2054,0.0005,0.1937,1,1,1.6526,16
user2,midair,short,-2_2,-0.2667,0.8521,-0.1679,-0.0232,0.3685,0.0346,-0.9287,0.0230,0.0269,-0.0039,-0.2050,0.0005,0.1930,1,1,1.6691,16
user2,midair,short,-2_2,-0.2665,0.8521,-0.1679,-0.0232,0.3686,0.0350,-0.9287,0.0233,0.0268,-0.0045,-0.2047,0.0005,0.1924,1,1,1.6857,16
user2,midair,short,-2_2,-0.2662,0.8522,-0.1679,-0.0231,0.3686,0.0353,-0.9286,0.0236,0.0267,-0.0051,-0.2044,0.0005,0.1918,1,1,1.7023,16
user2,midair,short,-2_2,-0.2660,0.8522,-0.1679,-0.0229,0.3687,0.0354,-0.9286,0.0244,0.0265,-0.0060,-0.2036,0.0005,0.1909,1,1,1.7189,16
user2,midair,short,-2_2,-0.2659,0.8523,-0.1680,-0.0228,0.3688,0.0356,-0.9285,0.0254,0.0262,-0.0070,-0.2026,0.0005,0.1899,1,1,1.7358,16
user2,midair,short,-2_2,-0.2657,0.8523,-0.1680,-0.0227,0.3690,0.0356,-0.9285,0.0267,0.0255,-0.0083,-0.2014,0.0005,0.1886,1,1,1.7529,16
user2,midair,short,-2_2,-0.2656,0.8523,-0.1680,-0.0227,0.3691,0.0356,-0.9284,0.0280,0.0245,-0.0097,-0.2001,0.0005,0.1872,1,1,1.7691,16
user2,midair,short,-2_2,-0.2655,0.8524,-0.1681,-0.0227,0.3692,0.0357,-0.9284,0.0292,0.0236,-0.0110,-0.1988,0.0005,0.1859,1,1,1.7855,16
user2,midair,short,-2_2,-0.2654,0.8524,-0.1681,-0.0227,0.3694,0.0358,-0.9283,0.0304,0.0228,-0.0123,-0.1977,0.0005,0.1846,1,1,1.8026,16
user2,midair,short,-2_2,-0.2653,0.8524,-0.1681,-0.0228,0.3695,0.0358,-0.9283,0.0303,0.0228,-0.0122,-0.1977,0.0005,0.1847,1,1,1.8188,16
user2,midair,short,-2_2,-0.2652,0.8525,-0.1682,-0.0226,0.3698,0.0351,-0.9282,0.0332,0.0224,-0.0137,-0.1948,0.0005,0.1832,1,1,1.8358,16
user2,midair,short,-2_2,-0.2652,0.8525,-0.1683,-0.0224,0.3701,0.0344,-0.9281,0.0365,0.0220,-0.0154,-0.1915,0.0005,0.1815,1,1,1.8517,16
user2,midair,short,-2_2,-0.2652,0.8525,-0.1683,-0.0223,0.3702,0.0338,-0.9281,0.0398,0.0215,-0.0171,-0.1882,0.0005,0.1798,1,1,1.8692,16
user2,midair,short,-2_2,-0.2652,0.8525,-0.1684,-0.0223,0.3703,0.0332,-0.9280,0.0435,0.0210,-0.0190,-0.1846,0.0005,0.1779,1,1,1.8859,16
user2,midair,short,-2_2,-0.2652,0.8525,-0.1684,-0.0223,0.3704,0.0326,-0.9280,0.0469,0.0204,-0.0208,-0.1811,0.0005,0.1761,1,1,1.9025,16
user2,midair,short,-2_2,-0.2652,0.8525,-0.1684,-0.0223,0.3705,0.0321,-0.9280,0.0502,0.0199,-0.0225,-0.1778,0.0005,0.1744,1,1,1.9190,16
user2,midair,short,-2_2,-0.2651,0.8525,-0.1685,-0.0223,0.3706,0.0316,-0.9280,0.0533,0.0193,-0.0241,-0.1747,0.0005,0.1728,1,1,1.9347,16
user2,midair,short,-2_2,-0.2652,0.8525,-0.1685,-0.0223,0.3706,0.0310,-0.9280,0.0579,0.0183,-0.0266,-0.1702,0.0005,0.1703,1,1,1.9524,16
user2,midair,short,-2_2,-0.2652,0.8525,-0.1686,-0.0223,0.3706,0.0304,-0.9280,0.0624,0.0174,-0.0291,-0.1656,0.0005,0.1678,1,1,1.9694,16
user2,midair,short,-2_2,-0.2652,0.8525,-0.1686,-0.0224,0.3705,0.0299,-0.9281,0.0671,0.0164,-0.0317,-0.1610,0.0005,0.1652,1,1,1.9860,16
user2,midair,short,-2_2,-0.2652,0.8525,-0.1687,-0.0224,0.3705,0.0293,-0.9281,0.0719,0.0155,-0.0343,-0.1562,0.0005,0.1626,1,1,2.0025,16
user2,midair,short,-2_2,-0.2652,0.8524,-0.1687,-0.0225,0.3705,0.0287,-0.9281,0.0766,0.0147,-0.0369,-0.1514,0.0005,0.1600,1,1,2.0193,16
user2,midair,short,-2_2,-0.2652,0.8524,-0.1688,-0.0225,0.3705,0.0282,-0.9281,0.0813,0.0138,-0.0395,-0.1467,0.0005,0.1574,1,1,2.0347,16
user2,midair,short,-2_2,-0.2653,0.8524,-0.1688,-0.0225,0.3705,0.0276,-0.9281,0.0862,0.0130,-0.0423,-0.1419,0.0005,0.1546,1,1,2.0543,16
user2,midair,short,-2_2,-0.2653,0.8524,-0.1689,-0.0225,0.3706,0.0271,-0.9281,0.0909,0.0124,-0.0450,-0.1371,0.0005,0.1519,1,1,2.0693,16
user2,midair,short,-2_2,-0.2653,0.8524,-0.1690,-0.0224,0.3706,0.0266,-0.9282,0.0957,0.0117,-0.0478,-0.1324,0.0005,0.1491,1,1,2.0859,16
user2,midair,short,-2_2,-0.2653,0.8523,-0.1690,-0.0224,0.3706,0.0261,-0.9282,0.1004,0.0112,-0.0506,-0.1276,0.0005,0.1463,1,1,2.1022,16
user2,midair,short,-2_2,-0.2654,0.8523,-0.1691,-0.0224,0.3706,0.0257,-0.9282,0.1050,0.0106,-0.0534,-0.1230,0.0005,0.1435,1,1,2.1192,16
user2,midair,short,-2_2,-0.2654,0.8523,-0.1691,-0.0224,0.3706,0.0254,-0.9282,0.1094,0.0102,-0.0561,-0.1186,0.0005,0.1408,1,1,2.1347,16
user2,midair,short,-2_2,-0.2654,0.8523,-0.1691,-0.0224,0.3706,0.0249,-0.9282,0.1139,0.0097,-0.0589,-0.1142,0.0005,0.1380,1,1,2.1524,16
user2,midair,short,-2_2,-0.2655,0.8523,-0.1692,-0.0223,0.3707,0.0245,-0.9282,0.1181,0.0092,-0.0617,-0.1099,0.0005,0.1352,1,1,2.1689,16
user2,midair,short,-2_2,-0.2655,0.8523,-0.1692,-0.0223,0.3707,0.0242,-0.9282,0.1223,0.0088,-0.0645,-0.1058,0.0005,0.1324,1,1,2.1864,16
user2,midair,short,-2_2,-0.2655,0.8523,-0.1693,-0.0223,0.3707,0.0238,-0.9282,0.1263,0.0083,-0.0674,-0.1018,0.0005,0.1295,1,1,2.2025,16
user2,midair,short,-2_2,-0.2655,0.8523,-0.1693,-0.0223,0.3707,0.0235,-0.9282,0.1301,0.0078,-0.0702,-0.0979,0.0005,0.1267,1,1,2.2195,16
user2,midair,short,-2_2,-0.2655,0.8522,-0.1694,-0.0223,0.3707,0.0231,-0.9282,0.1337,0.0074,-0.0729,-0.0943,0.0005,0.1240,1,1,2.2357,16
user2,midair,short,-2_2,-0.2656,0.8522,-0.1694,-0.0223,0.3707,0.0228,-0.9282,0.1373,0.0070,-0.0758,-0.0907,0.0005,0.1211,1,1,2.2533,16
user2,midair,short,-2_2,-0.2656,0.8522,-0.1695,-0.0222,0.3708,0.0225,-0.9282,0.1407,0.0066,-0.0786,-0.0873,0.0005,0.1183,1,1,2.2694,16
user2,midair,short,-2_2,-0.2656,0.8522,-0.1695,-0.0222,0.3708,0.0222,-0.9282,0.1440,0.0062,-0.0813,-0.0841,0.0005,0.1156,1,1,2.2861,16
user2,midair,short,-2_2,-0.2656,0.8522,-0.1696,-0.0222,0.3708,0.0220,-0.9282,0.1472,0.0059,-0.0841,-0.0809,0.0005,0.1128,1,1,2.3027,16
user2,midair,short,-2_2,-0.2656,0.8522,-0.1696,-0.0221,0.3708,0.0217,-0.9282,0.1503,0.0056,-0.0869,-0.0778,0.0005,0.1100,1,1,2.3193,16
user2,midair,short,-2_2,-0.2656,0.8521,-0.1697,-0.0221,0.3708,0.0214,-0.9282,0.1532,0.0053,-0.0896,-0.0748,0.0005,0.1073,1,1,2.3361,16
user2,midair,short,-2_2,-0.2657,0.8521,-0.1697,-0.0221,0.3709,0.0211,-0.9282,0.1561,0.0051,-0.0924,-0.0719,0.0005,0.1045,1,1,2.3520,16
user2,midair,short,-2_2,-0.2657,0.8521,-0.1698,-0.0220,0.3709,0.0208,-0.9282,0.1589,0.0048,-0.0952,-0.0691,0.0005,0.1017,1,1,2.3694,16
user2,midair,short,-2_2,-0.2657,0.8521,-0.1699,-0.0220,0.3710,0.0206,-0.9282,0.1616,0.0046,-0.0979,-0.0665,0.0005,0.0990,1,1,2.3860,16
user2,midair,short,-2_2,-0.2657,0.8521,-0.1699,-0.0219,0.3710,0.0203,-0.9282,0.1641,0.0043,-0.1008,-0.0639,0.0005,0.0962,1,1,2.4029,16
user2,midair,short,-2_2,-0.2658,0.8520,-0.1700,-0.0219,0.3710,0.0201,-0.9281,0.1665,0.0041,-0.1035,-0.0615,0.0005,0.0934,1,1,2.4192,16
user2,midair,short,-2_2,-0.2658,0.8520,-0.1700,-0.0219,0.3711,0.0198,-0.9281,0.1688,0.0038,-0.1061,-0.0592,0.0005,0.0908,1,1,2.4362,16
user2,midair,short,-2_2,-0.2658,0.8520,-0.1701,-0.0218,0.3711,0.0194,-0.9281,0.1710,0.0035,-0.1086,-0.0570,0.0005,0.0883,1,1,2.4536,16
user2,midair,short,-2_2,-0.2659,0.8520,-0.1701,-0.0218,0.3712,0.0192,-0.9281,0.1730,0.0032,-0.1112,-0.0550,0.0005,0.0857,1,1,2.4693,16
user2,midair,short,-2_2,-0.2659,0.8520,-0.1702,-0.0218,0.3712,0.0189,-0.9281,0.1750,0.0029,-0.1136,-0.0531,0.0005,0.0833,1,1,2.4860,16
user2,midair,short,-2_2,-0.2660,0.8520,-0.1702,-0.0218,0.3712,0.0187,-0.9281,0.1766,0.0026,-0.1166,-0.0514,0.0005,0.0804,1,1,2.5031,16
user2,midair,short,-2_2,-0.2660,0.8519,-0.1702,-0.0218,0.3712,0.0184,-0.9281,0.1782,0.0022,-0.1194,-0.0498,0.0005,0.0775,1,1,2.5193,16
user2,midair,short,-2_2,-0.2661,0.8519,-0.1703,-0.0219,0.3712,0.0182,-0.9281,0.1797,0.0019,-0.1221,-0.0483,0.0005,0.0748,1,1,2.5363,16
user2,midair,short,-2_2,-0.2661,0.8519,-0.1703,-0.0219,0.3712,0.0180,-0.9281,0.1811,0.0015,-0.1246,-0.0469,0.0005,0.0723,1,1,2.5518,16
user2,midair,short,-2_2,-0.2661,0.8519,-0.1703,-0.0219,0.3712,0.0178,-0.9281,0.1823,0.0012,-0.1274,-0.0457,0.0005,0.0695,1,1,2.5694,16
user2,midair,short,-2_2,-0.2662,0.8519,-0.1703,-0.0219,0.3712,0.0175,-0.9281,0.1834,0.0009,-0.1301,-0.0447,0.0005,0.0668,1,1,2.5863,16
user2,midair,short,-2_2,-0.2662,0.8519,-0.1704,-0.0219,0.3712,0.0173,-0.9281,0.1843,0.0006,-0.1328,-0.0437,0.0005,0.0641,1,1,2.6028,16
user2,midair,short,-2_2,-0.2662,0.8518,-0.1704,-0.0219,0.3712,0.0170,-0.9282,0.1852,0.0003,-0.1353,-0.0428,0.0005,0.0616,1,1,2.6194,16
user2,midair,short,-2_2,-0.2663,0.8518,-0.1704,-0.0219,0.3712,0.0168,-0.9282,0.1860,0.0001,-0.1378,-0.0420,0.0005,0.0591,1,1,2.6359,16
user2,midair,short,-2_2,-0.2663,0.8518,-0.1704,-0.0219,0.3711,0.0165,-0.9282,0.1868,-0.0002,-0.1402,-0.0413,0.0005,0.0567,1,1,2.6518,16
user2,midair,short,-2_2,-0.2663,0.8518,-0.1705,-0.0219,0.3712,0.0163,-0.9282,0.1874,-0.0004,-0.1425,-0.0406,0.0005,0.0544,1,1,2.6692,16
user2,midair,short,-2_2,-0.2663,0.8518,-0.1705,-0.0219,0.3712,0.0161,-0.9282,0.1880,-0.0007,-0.1448,-0.0400,0.0005,0.0521,1,1,2.6847,16
user2,midair,short,-2_2,-0.2663,0.8518,-0.1705,-0.0219,0.3712,0.0159,-0.9282,0.1886,-0.0009,-0.1470,-0.0395,0.0005,0.0499,1,1,2.7031,16
user2,midair,short,-2_2,-0.2663,0.8518,-0.1705,-0.0219,0.3712,0.0157,-0.9282,0.1891,-0.0012,-0.1491,-0.0389,0.0005,0.0478,1,1,2.7180,16
user2,midair,short,-2_2,-0.2664,0.8517,-0.1705,-0.0219,0.3711,0.0157,-0.9282,0.1896,-0.0015,-0.1512,-0.0385,0.0005,0.0457,1,1,2.7343,16
user2,midair,short,-2_2,-0.2664,0.8517,-0.1706,-0.0219,0.3711,0.0155,-0.9282,0.1900,-0.0018,-0.1532,-0.0380,0.0005,0.0437,1,1,2.7529,16
user2,midair,short,-2_2,-0.2664,0.8517,-0.1706,-0.0219,0.3711,0.0153,-0.9282,0.1904,-0.0022,-0.1551,-0.0376,0.0005,0.0418,1,1,2.7692,16
user2,midair,short,-2_2,-0.2664,0.8517,-0.1706,-0.0219,0.3711,0.0152,-0.9282,0.1908,-0.0026,-0.1570,-0.0372,0.0005,0.0399,1,1,2.7861,16
user2,midair,short,-2_2,-0.2664,0.8517,-0.1706,-0.0219,0.3711,0.0151,-0.9282,0.1911,-0.0030,-0.1589,-0.0369,0.0005,0.0380,1,1,2.8026,16
user2,midair,short,-2_2,-0.2664,0.8517,-0.1706,-0.0219,0.3711,0.0150,-0.9282,0.1914,-0.0034,-0.1607,-0.0366,0.0005,0.0362,1,1,2.8198,16
user2,midair,short,-2_2,-0.2664,0.8517,-0.1706,-0.0219,0.3711,0.0148,-0.9282,0.1918,-0.0038,-0.1625,-0.0363,0.0005,0.0344,1,1,2.8362,16
user2,midair,short,-2_2,-0.2664,0.8517,-0.1706,-0.0219,0.3711,0.0146,-0.9282,0.1921,-0.0043,-0.1642,-0.0359,0.0005,0.0327,1,1,2.8520,16
user2,midair,short,-2_2,-0.2664,0.8517,-0.1707,-0.0219,0.3711,0.0145,-0.9282,0.1924,-0.0046,-0.1658,-0.0356,0.0005,0.0311,1,1,2.8694,16
user2,midair,short,-2_2,-0.2664,0.8517,-0.1707,-0.0218,0.3711,0.0143,-0.9282,0.1927,-0.0050,-0.1673,-0.0353,0.0005,0.0296,1,1,2.8858,16
user2,midair,short,-2_2,-0.2665,0.8517,-0.1707,-0.0219,0.3711,0.0142,-0.9282,0.1932,-0.0054,-0.1688,-0.0349,0.0005,0.0281,1,1,2.9033,16
user2,midair,short,-2_2,-0.2665,0.8517,-0.1707,-0.0219,0.3711,0.0141,-0.9282,0.1937,-0.0057,-0.1703,-0.0344,0.0005,0.0267,1,1,2.9195,16
user2,midair,short,-2_2,-0.2665,0.8516,-0.1707,-0.0219,0.3711,0.0140,-0.9282,0.1942,-0.0059,-0.1716,-0.0338,0.0005,0.0253,1,1,2.9362,16
user2,midair,short,-2_2,-0.2665,0.8516,-0.1707,-0.0219,0.3711,0.0140,-0.9282,0.1947,-0.0062,-0.1728,-0.0333,0.0005,0.0241,1,1,2.9517,16
user2,midair,short,-2_2,-0.2665,0.8516,-0.1708,-0.0219,0.3711,0.0139,-0.9282,0.1952,-0.0064,-0.1740,-0.0328,0.0005,0.0229,1,1,2.9696,16
user2,midair,short,-2_2,-0.2666,0.8516,-0.1708,-0.0220,0.3711,0.0137,-0.9282,0.1958,-0.0066,-0.1751,-0.0322,0.0005,0.0218,1,1,2.9861,16
user2,midair,short,-2_2,-0.2666,0.8516,-0.1708,-0.0220,0.3711,0.0136,-0.9282,0.1965,-0.0067,-0.1760,-0.0315,0.0005,0.0209,1,1,3.0029,16
user2,midair,short,-2_2,-0.2666,0.8515,-0.1708,-0.0221,0.3711,0.0134,-0.9282,0.1972,-0.0068,-0.1769,-0.0308,0.0005,0.0200,1,1,3.0196,16
user2,midair,short,-2_2,-0.2666,0.8515,-0.1708,-0.0221,0.3712,0.0132,-0.9282,0.1979,-0.0069,-0.1777,-0.0301,0.0005,0.0192,1,1,3.0362,16
user2,midair,short,-2_2,-0.2666,0.8515,-0.1708,-0.0221,0.3712,0.0131,-0.9282,0.1986,-0.0069,-0.1784,-0.0294,0.0005,0.0185,1,1,3.0516,16
user2,midair,short,-2_2,-0.2666,0.8515,-0.1708,-0.0221,0.3712,0.0130,-0.9282,0.1993,-0.0069,-0.1791,-0.0288,0.0005,0.0178,1,1,3.0696,16
user2,midair,short,-2_2,-0.2666,0.8515,-0.1708,-0.0221,0.3713,0.0129,-0.9282,0.1999,-0.0069,-0.1798,-0.0281,0.0005,0.0171,1,1,3.0865,16
user2,midair,short,-2_2,-0.2666,0.8515,-0.1708,-0.0221,0.3713,0.0128,-0.9282,0.2005,-0.0069,-0.1804,-0.0275,0.0005,0.0165,1,1,3.1029,16
user2,midair,short,-2_2,-0.2666,0.8515,-0.1709,-0.0222,0.3713,0.0126,-0.9282,0.2011,-0.0067,-0.1809,-0.0269,0.0005,0.0160,1,1,3.1196,16
user2,midair,short,-2_2,-0.2666,0.8515,-0.1709,-0.0222,0.3713,0.0125,-0.9281,0.2018,-0.0066,-0.1813,-0.0262,0.0005,0.0156,1,1,3.1364,16
user2,midair,short,-2_2,-0.2666,0.8515,-0.1709,-0.0222,0.3714,0.0123,-0.9281,0.2024,-0.0065,-0.1818,-0.0256,0.0005,0.0151,1,1,3.1519,16
user2,midair,short,-2_2,-0.2666,0.8515,-0.1709,-0.0223,0.3714,0.0122,-0.9281,0.2030,-0.0064,-0.1822,-0.0250,0.0005,0.0147,1,1,3.1696,16
user2,midair,short,-2_2,-0.2666,0.8514,-0.1709,-0.0223,0.3715,0.0120,-0.9281,0.2036,-0.0064,-0.1827,-0.0245,0.0005,0.0143,1,1,3.1861,16
user2,midair,short,-2_2,-0.2667,0.8514,-0.1709,-0.0224,0.3716,0.0119,-0.9281,0.2041,-0.0063,-0.1831,-0.0239,0.0005,0.0138,1,1,3.2027,16
user2,midair,short,-2_2,-0.2667,0.8514,-0.1709,-0.0225,0.3716,0.0119,-0.9280,0.2046,-0.0062,-0.1835,-0.0234,0.0005,0.0134,1,1,3.2198,16
user2,midair,short,-2_2,-0.2667,0.8514,-0.1710,-0.0226,0.3717,0.0119,-0.9280,0.2051,-0.0062,-0.1840,-0.0229,0.0005,0.0129,1,1,3.2364,16
user2,midair,short,-2_2,-0.2667,0.8513,-0.1710,-0.0226,0.3717,0.0118,-0.9280,0.2056,-0.0061,-0.1844,-0.0224,0.0005,0.0125,1,1,3.2518,16
user2,midair,short,-2_2,-0.2667,0.8513,-0.1710,-0.0227,0.3718,0.0117,-0.9280,0.2061,-0.0062,-0.1849,-0.0219,0.0005,0.0120,1,1,3.2694,16
user2,midair,short,-2_2,-0.2667,0.8513,-0.1710,-0.0228,0.3719,0.0116,-0.9279,0.2066,-0.0062,-0.1853,-0.0214,0.0005,0.0116,1,1,3.2861,16
user2,midair,short,-2_2,-0.2667,0.8513,-0.1710,-0.0228,0.3719,0.0115,-0.9279,0.2072,-0.0063,-0.1858,-0.0208,0.0005,0.0111,1,1,3.3028,16
user2,midair,short,-2_2,-0.2667,0.8512,-0.1710,-0.0229,0.3720,0.0114,-0.9279,0.2078,-0.0064,-0.1862,-0.0203,0.0005,0.0107,1,1,3.3197,16
user2,midair,short,-2_2,-0.2667,0.8512,-0.1710,-0.0230,0.3720,0.0114,-0.9279,0.2084,-0.0065,-0.1867,-0.0197,0.0005,0.0102,1,1,3.3347,16
user2,midair,short,-2_2,-0.2667,0.8512,-0.1711,-0.0231,0.3720,0.0113,-0.9279,0.2090,-0.0066,-0.1871,-0.0190,0.0005,0.0098,1,1,3.3515,16
user2,midair,short,-2_2,-0.2668,0.8512,-0.1711,-0.0232,0.3721,0.0112,-0.9278,0.2097,-0.0068,-0.1876,-0.0183,0.0005,0.0093,1,1,3.3696,16
user2,midair,short,-2_2,-0.2668,0.8511,-0.1711,-0.0233,0.3721,0.0111,-0.9278,0.2104,-0.0070,-0.1881,-0.0177,0.0005,0.0088,1,1,3.3864,16
user2,midair,short,-2_2,-0.2668,0.8511,-0.1711,-0.0233,0.3721,0.0110,-0.9278,0.2111,-0.0072,-0.1886,-0.0170,0.0005,0.0083,1,1,3.4029,16
user2,midair,short,-2_2,-0.2668,0.8511,-0.1711,-0.0234,0.3722,0.0110,-0.9278,0.2117,-0.0074,-0.1891,-0.0163,0.0005,0.0078,1,1,3.4215,16
user2,midair,short,-2_2,-0.2668,0.8511,-0.1711,-0.0235,0.3722,0.0109,-0.9278,0.2124,-0.0076,-0.1896,-0.0156,0.0005,0.0073,1,1,3.4346,16
user2,midair,short,-2_2,-0.2668,0.8510,-0.1711,-0.0235,0.3722,0.0109,-0.9278,0.2131,-0.0079,-0.1901,-0.0150,0.0005,0.0068,1,1,3.4517,16
user2,midair,short,-2_2,-0.2668,0.8510,-0.1711,-0.0236,0.3723,0.0109,-0.9278,0.2137,-0.0080,-0.1906,-0.0144,0.0005,0.0063,1,1,3.4695,16
user2,midair,short,-2_2,-0.2668,0.8510,-0.1711,-0.0237,0.3723,0.0108,-0.9278,0.2143,-0.0082,-0.1911,-0.0138,0.0005,0.0058,1,1,3.4863,16
user2,midair,short,-2_2,-0.2669,0.8510,-0.1712,-0.0238,0.3723,0.0107,-0.9278,0.2149,-0.0084,-0.1915,-0.0132,0.0005,0.0054,1,1,3.5029,16
user2,midair,short,-2_2,-0.2669,0.8510,-0.1712,-0.0238,0.3723,0.0106,-0.9277,0.2154,-0.0086,-0.1920,-0.0126,0.0005,0.0049,1,1,3.5194,16
user2,midair,short,-2_2,-0.2669,0.8510,-0.1712,-0.0239,0.3723,0.0105,-0.9277,0.2160,-0.0088,-0.1924,-0.0120,0.0005,0.0045,1,1,3.5364,16
user2,midair,short,-2_2,-0.2669,0.8510,-0.1712,-0.0239,0.3723,0.0105,-0.9278,0.2166,-0.0089,-0.1927,-0.0114,0.0005,0.0042,1,1,3.5521,16
user2,midair,short,-2_2,-0.2669,0.8509,-0.1712,-0.0238,0.3723,0.0106,-0.9278,0.2171,-0.0089,-0.1930,-0.0109,0.0005,0.0039,1,1,3.5698,16
user2,midair,short,-2_2,-0.2669,0.8509,-0.1712,-0.0237,0.3722,0.0104,-0.9278,0.2177,-0.0090,-0.1933,-0.0104,0.0005,0.0036,1,1,3.5861,16
user2,midair,short,-2_2,-0.2669,0.8510,-0.1712,-0.0236,0.3722,0.0104,-0.9278,0.2182,-0.0091,-0.1936,-0.0098,0.0005,0.0033,1,1,3.6029,16
user2,midair,short,-2_2,-0.2668,0.8510,-0.1712,-0.0235,0.3722,0.0103,-0.9278,0.2188,-0.0092,-0.1939,-0.0093,0.0005,0.0030,1,1,3.6214,16
user2,midair,short,-2_2,-0.2668,0.8510,-0.1712,-0.0234,0.3722,0.0103,-0.9278,0.2193,-0.0092,-0.1941,-0.0087,0.0005,0.0028,1,1,3.6362,16
user2,midair,short,-2_2,-0.2668,0.8510,-0.1712,-0.0232,0.3722,0.0102,-0.9278,0.2199,-0.0092,-0.1942,-0.0081,0.0005,0.0027,1,1,3.6541,16
user2,midair,short,-2_2,-0.2668,0.8510,-0.1712,-0.0231,0.3721,0.0103,-0.9278,0.2205,-0.0092,-0.1944,-0.0075,0.0005,0.0025,1,1,3.6695,16
user2,midair,short,-2_2,-0.2667,0.8510,-0.1712,-0.0230,0.3721,0.0102,-0.9278,0.2211,-0.0092,-0.1945,-0.0069,0.0005,0.0024,1,1,3.6859,16
user2,midair,short,-2_2,-0.2667,0.8510,-0.1713,-0.0228,0.3721,0.0102,-0.9279,0.2217,-0.0092,-0.1946,-0.0063,0.0005,0.0023,1,1,3.7031,16
user2,midair,short,-2_2,-0.2667,0.8510,-0.1713,-0.0227,0.3721,0.0101,-0.9279,0.2223,-0.0092,-0.1948,-0.0057,0.0005,0.0022,1,1,3.7196,16
user2,midair,short,-2_2,-0.2667,0.8511,-0.1713,-0.0226,0.3721,0.0102,-0.9279,0.2229,-0.0092,-0.1949,-0.0052,0.0005,0.0021,1,1,3.7362,16
user2,midair,short,-2_2,-0.2666,0.8511,-0.1713,-0.0224,0.3720,0.0102,-0.9279,0.2236,-0.0091,-0.1949,-0.0044,0.0005,0.0020,1,1,3.7526,16
user2,midair,short,-2_2,-0.2666,0.8511,-0.1713,-0.0223,0.3720,0.0103,-0.9279,0.2244,-0.0090,-0.1950,-0.0036,0.0005,0.0019,1,1,3.7696,16
user2,midair,short,-2_2,-0.2666,0.8511,-0.1713,-0.0222,0.3720,0.0104,-0.9279,0.2252,-0.0089,-0.1951,-0.0029,0.0005,0.0019,1,1,3.7864,16
user2,midair,short,-2_2,-0.2666,0.8511,-0.1713,-0.0220,0.3720,0.0104,-0.9279,0.2259,-0.0088,-0.1951,-0.0021,0.0005,0.0018,1,1,3.8041,16
user2,midair,short,-2_2,-0.2666,0.8511,-0.1714,-0.0219,0.3720,0.0104,-0.9279,0.2266,-0.0087,-0.1952,-0.0014,0.0005,0.0017,1,1,3.8193,16
user2,midair,short,-2_2,-0.2666,0.8511,-0.1714,-0.0218,0.3720,0.0104,-0.9279,0.2273,-0.0086,-0.1952,-0.0007,0.0005,0.0017,1,1,3.8358,16
user2,midair,short,-2_2,-0.2665,0.8512,-0.1714,-0.0217,0.3720,0.0105,-0.9279,0.2279,-0.0085,-0.1952,-0.0001,0.0005,0.0017,1,1,3.8519,16
user2,midair,short,-2_2,-0.2665,0.8512,-0.1714,-0.0216,0.3720,0.0105,-0.9279,0.2286,-0.0083,-0.1953,0.0005,0.0005,0.0016,1,1,3.8695,16
user2,midair,short,-2_2,-0.2665,0.8512,-0.1714,-0.0215,0.3720,0.0106,-0.9279,0.2292,-0.0081,-0.1953,0.0011,0.0005,0.0017,1,1,3.8874,16
user2,midair,short,-2_2,-0.2665,0.8512,-0.1714,-0.0214,0.3719,0.0107,-0.9280,0.2297,-0.0079,-0.1952,0.0017,0.0005,0.0017,1,1,3.9026,16
user2,midair,short,-2_2,-0.2665,0.8512,-0.1714,-0.0213,0.3719,0.0108,-0.9280,0.2302,-0.0077,-0.1952,0.0022,0.0005,0.0017,1,1,3.9193,16
user2,midair,short,-2_2,-0.2664,0.8512,-0.1714,-0.0212,0.3719,0.0108,-0.9280,0.2307,-0.0076,-0.1952,0.0027,0.0005,0.0017,1,1,3.9362,16
user2,midair,short,-2_2,-0.2664,0.8512,-0.1714,-0.0211,0.3719,0.0108,-0.9280,0.2312,-0.0075,-0.1951,0.0032,0.0005,0.0018,1,1,3.9516,16
user2,midair,short,-2_2,-0.2664,0.8512,-0.1714,-0.0211,0.3719,0.0107,-0.9280,0.2317,-0.0074,-0.1951,0.0036,0.0005,0.0018,1,1,3.9699,16
user2,midair,short,-2_2,-0.2664,0.8512,-0.1714,-0.0210,0.3719,0.0106,-0.9280,0.2321,-0.0073,-0.1951,0.0041,0.0005,0.0018,1,1,3.9860,16
user2,midair,short,-2_2,-0.2663,0.8512,-0.1714,-0.0209,0.3719,0.0106,-0.9280,0.2325,-0.0072,-0.1950,0.0045,0.0005,0.0019,1,1,4.0026,16
user2,midair,short,-2_2,-0.2663,0.8512,-0.1714,-0.0208,0.3719,0.0105,-0.9280,0.2329,-0.0072,-0.1950,0.0049,0.0005,0.0019,1,1,4.0194,16
user2,midair,short,-2_2,-0.2663,0.8512,-0.1715,-0.0208,0.3718,0.0105,-0.9280,0.2333,-0.0071,-0.1949,0.0053,0.0005,0.0020,1,1,4.0359,16
user2,midair,short,-2_2,-0.2663,0.8512,-0.1715,-0.0207,0.3718,0.0105,-0.9280,0.2337,-0.0071,-0.1949,0.0057,0.0005,0.0020,1,1,4.0518,16
user2,midair,short,-2_2,-0.2663,0.8512,-0.1715,-0.0207,0.3718,0.0105,-0.9280,0.2340,-0.0070,-0.1948,0.0060,0.0005,0.0021,1,1,4.0697,16
user2,midair,short,-2_2,-0.2663,0.8512,-0.1715,-0.0206,0.3718,0.0106,-0.9280,0.2343,-0.0069,-0.1948,0.0062,0.0005,0.0021,1,1,4.0859,16
user2,midair,short,-2_2,-0.2663,0.8512,-0.1715,-0.0205,0.3718,0.0106,-0.9280,0.2344,-0.0068,-0.1947,0.0064,0.0005,0.0022,1,1,4.1028,16
user2,midair,short,-2_2,-0.2663,0.8512,-0.1715,-0.0205,0.3718,0.0106,-0.9280,0.2345,-0.0068,-0.1947,0.0064,0.0005,0.0022,1,1,4.1191,16
user2,midair,short,-2_2,-0.2663,0.8512,-0.1715,-0.0204,0.3717,0.0106,-0.9280,0.2345,-0.0067,-0.1947,0.0064,0.0005,0.0022,1,1,4.1363,16
user2,midair,short,-2_2,-0.2663,0.8512,-0.1715,-0.0204,0.3717,0.0105,-0.9281,0.2344,-0.0067,-0.1947,0.0064,0.0005,0.0022,1,1,4.1522,16
user2,midair,short,-2_2,-0.2662,0.8512,-0.1715,-0.0203,0.3717,0.0106,-0.9280,0.2343,-0.0066,-0.1947,0.0063,0.0005,0.0022,1,1,4.1691,16
user2,midair,short,-2_2,-0.2662,0.8512,-0.1715,-0.0203,0.3717,0.0106,-0.9281,0.2342,-0.0066,-0.1947,0.0061,0.0005,0.0023,1,1,4.1861,16
user2,midair,short,-2_2,-0.2662,0.8512,-0.1715,-0.0203,0.3717,0.0105,-0.9281,0.2340,-0.0066,-0.1946,0.0059,0.0005,0.0023,1,1,4.2042,16
user2,midair,short,-2_2,-0.2662,0.8512,-0.1715,-0.0202,0.3717,0.0105,-0.9281,0.2338,-0.0066,-0.1946,0.0057,0.0005,0.0023,1,1,4.2197,16
user2,midair,short,-2_2,-0.2662,0.8512,-0.1715,-0.0202,0.3717,0.0104,-0.9281,0.2336,-0.0067,-0.1947,0.0055,0.0005,0.0022,1,1,4.2360,16
user2,midair,short,-2_2,-0.2662,0.8512,-0.1715,-0.0202,0.3717,0.0104,-0.9281,0.2333,-0.0067,-0.1947,0.0053,0.0005,0.0022,1,1,4.2520,16
user2,midair,short,-2_2,-0.2662,0.8512,-0.1715,-0.0202,0.3717,0.0103,-0.9281,0.2331,-0.0067,-0.1948,0.0050,0.0005,0.0021,1,1,4.2697,16
user2,midair,short,-2_2,-0.2662,0.8512,-0.1715,-0.0202,0.3717,0.0102,-0.9281,0.2328,-0.0068,-0.1948,0.0048,0.0005,0.0021,1,1,4.2875,16
user2,midair,short,-2_2,-0.2662,0.8511,-0.1715,-0.0201,0.3717,0.0102,-0.9281,0.2326,-0.0068,-0.1949,0.0045,0.0005,0.0020,1,1,4.3033,16
user2,midair,short,-2_2,-0.2662,0.8511,-0.1715,-0.0201,0.3717,0.0101,-0.9281,0.2323,-0.0069,-0.1950,0.0043,0.0005,0.0019,1,1,4.3195,16
user2,midair,short,-2_2,-0.2662,0.8511,-0.1715,-0.0201,0.3717,0.0100,-0.9281,0.2321,-0.0070,-0.1951,0.0040,0.0005,0.0018,1,1,4.3364,16
user2,midair,short,-2_2,-0.2662,0.8511,-0.1715,-0.0201,0.3717,0.0100,-0.9281,0.2318,-0.0070,-0.1952,0.0038,0.0005,0.0017,1,1,4.3524,16
user2,midair,short,-2_2,-0.2662,0.8511,-0.1715,-0.0201,0.3718,0.0100,-0.9281,0.2316,-0.0071,-0.1953,0.0035,0.0005,0.0016,1,1,4.3697,16
user2,midair,short,-2_2,-0.2662,0.8511,-0.1715,-0.0201,0.3718,0.0099,-0.9281,0.2313,-0.0072,-0.1954,0.0033,0.0005,0.0015,1,1,4.3863,16
user2,midair,short,-2_2,-0.2662,0.8511,-0.1715,-0.0201,0.3718,0.0099,-0.9281,0.2310,-0.0073,-0.1956,0.0030,0.0005,0.0013,1,1,4.4037,16
user2,midair,short,-2_2,-0.2662,0.8511,-0.1715,-0.0201,0.3718,0.0099,-0.9280,0.2308,-0.0073,-0.1957,0.0028,0.0005,0.0012,1,1,4.4198,16
user2,midair,short,-2_2,-0.2662,0.8510,-0.1715,-0.0201,0.3718,0.0098,-0.9280,0.2305,-0.0074,-0.1958,0.0025,0.0005,0.0011,1,1,4.4364,16
user2,midair,short,-2_2,-0.2662,0.8510,-0.1715,-0.0201,0.3718,0.0098,-0.9280,0.2303,-0.0075,-0.1960,0.0023,0.0005,0.0009,1,1,4.4519,16
user2,midair,short,-2_2,-0.2662,0.8510,-0.1715,-0.0201,0.3719,0.0098,-0.9280,0.2301,-0.0075,-0.1961,0.0021,0.0005,0.0008,1,1,4.4693,16
user2,midair,short,-2_2,-0.2662,0.8510,-0.1715,-0.0201,0.3719,0.0097,-0.9280,0.2299,-0.0076,-0.1962,0.0019,0.0005,0.0007,1,1,4.4863,16
user2,midair,short,-2_2,-0.2662,0.8510,-0.1715,-0.0200,0.3719,0.0096,-0.9280,0.2297,-0.0077,-0.1963,0.0017,0.0005,0.0006,1,1,4.5028,16
user2,midair,short,-2_2,-0.2662,0.8510,-0.1715,-0.0201,0.3719,0.0096,-0.9280,0.2296,-0.0077,-0.1964,0.0016,0.0005,0.0005,1,1,4.5196,16
user2,midair,short,-2_2,-0.2662,0.8510,-0.1715,-0.0200,0.3719,0.0096,-0.9280,0.2294,-0.0077,-0.1966,0.0014,0.0005,0.0004,1,1,4.5366,16
user2,midair,short,-2_2,-0.2662,0.8510,-0.1715,-0.0200,0.3719,0.0096,-0.9280,0.2293,-0.0077,-0.1967,0.0013,0.0005,0.0002,1,1,4.5519,16
user2,midair,short,-2_2,-0.2662,0.8510,-0.1715,-0.0200,0.3720,0.0095,-0.9280,0.2292,-0.0078,-0.1968,0.0012,0.0005,0.0001,1,1,4.5698,16
user2,midair,short,-2_2,-0.2662,0.8510,-0.1715,-0.0200,0.3720,0.0094,-0.9280,0.2291,-0.0079,-0.1969,0.0011,0.0005,0.0000,1,1,4.5864,16
user2,midair,short,-2_2,-0.2662,0.8510,-0.1715,-0.0200,0.3720,0.0093,-0.9280,0.2290,-0.0079,-0.1970,0.0010,0.0005,-0.0001,1,1,4.6026,16
user2,midair,short,-2_2,-0.2662,0.8510,-0.1715,-0.0200,0.3720,0.0092,-0.9280,0.2289,-0.0080,-0.1971,0.0009,0.0005,-0.0002,1,1,4.6197,16
user2,midair,short,-2_2,-0.2662,0.8510,-0.1715,-0.0200,0.3720,0.0090,-0.9280,0.2288,-0.0081,-0.1972,0.0008,0.0005,-0.0003,1,1,4.6359,16
user2,midair,short,-2_2,-0.2662,0.8510,-0.1716,-0.0200,0.3721,0.0089,-0.9279,0.2287,-0.0081,-0.1973,0.0007,0.0005,-0.0004,1,1,4.6517,16
user2,midair,short,-2_2,-0.2662,0.8510,-0.1716,-0.0200,0.3721,0.0088,-0.9279,0.2286,-0.0082,-0.1974,0.0006,0.0005,-0.0004,1,1,4.6695,16
user2,midair,short,-2_2,-0.2662,0.8509,-0.1716,-0.0200,0.3722,0.0087,-0.9279,0.2285,-0.0083,-0.1974,0.0005,0.0005,-0.0005,1,1,4.6863,16
user2,midair,short,-2_2,-0.2662,0.8509,-0.1716,-0.0199,0.3722,0.0086,-0.9279,0.2284,-0.0083,-0.1975,0.0004,0.0005,-0.0006,1,1,4.7046,16
user2,midair,short,-2_2,-0.2662,0.8509,-0.1716,-0.0199,0.3723,0.0086,-0.9279,0.2283,-0.0083,-0.1976,0.0003,0.0005,-0.0007,1,1,4.7196,16
user2,midair,short,-2_2,-0.2662,0.8509,-0.1716,-0.0199,0.3723,0.0085,-0.9279,0.2282,-0.0083,-0.1977,0.0002,0.0005,-0.0007,1,1,4.7361,16
user2,midair,short,-2_2,-0.2662,0.8509,-0.1716,-0.0198,0.3724,0.0085,-0.9278,0.2281,-0.0083,-0.1977,0.0001,0.0005,-0.0008,1,1,4.7520,16
user2,midair,short,-2_2,-0.2662,0.8509,-0.1716,-0.0198,0.3724,0.0084,-0.9278,0.2280,-0.0083,-0.1978,-0.0001,0.0005,-0.0009,1,1,4.7696,16
user2,midair,short,-2_2,-0.2662,0.8509,-0.1716,-0.0198,0.3725,0.0084,-0.9278,0.2279,-0.0082,-0.1978,-0.0002,0.0005,-0.0009,1,1,4.7861,16
user2,midair,short,-2_2,-0.2662,0.8509,-0.1716,-0.0197,0.3725,0.0083,-0.9278,0.2278,-0.0082,-0.1979,-0.0003,0.0005,-0.0010,1,1,4.8027,16
user2,midair,short,-2_2,-0.2662,0.8509,-0.1716,-0.0197,0.3726,0.0083,-0.9278,0.2277,-0.0082,-0.1979,-0.0003,0.0005,-0.0010,1,1,4.8198,16
user2,midair,short,-2_2,-0.2662,0.8509,-0.1716,-0.0196,0.3726,0.0082,-0.9277,0.2276,-0.0081,-0.1980,-0.0004,0.0005,-0.0011,1,1,4.8362,16
user2,midair,short,-2_2,-0.2662,0.8509,-0.1717,-0.0196,0.3726,0.0082,-0.9277,0.2275,-0.0081,-0.1980,-0.0005,0.0005,-0.0011,1,1,4.8520,16
user2,midair,short,-2_2,-0.2662,0.8509,-0.1717,-0.0196,0.3727,0.0082,-0.9277,0.2275,-0.0080,-0.1981,-0.0006,0.0005,-0.0012,1,1,4.8698,16
user2,midair,short,-2_2,-0.2662,0.8509,-0.1717,-0.0195,0.3727,0.0082,-0.9277,0.2274,-0.0079,-0.1981,-0.0006,0.0005,-0.0012,1,1,4.8861,16
user2,midair,short,-2_2,-0.2662,0.8509,-0.1717,-0.0195,0.3727,0.0081,-0.9277,0.2273,-0.0079,-0.1982,-0.0007,0.0005,-0.0013,1,1,4.9026,16
user2,midair,short,-2_2,-0.2662,0.8508,-0.1717,-0.0195,0.3727,0.0080,-0.9277,0.2273,-0.0079,-0.1982,-0.0008,0.0005,-0.0013,1,1,4.9195,16
user2,midair,short,-2_2,-0.2662,0.8508,-0.1717,-0.0194,0.3728,0.0079,-0.9277,0.2272,-0.0078,-0.1983,-0.0008,0.0005,-0.0014,1,1,4.9361,16
user2,midair,short,-2_2,-0.2662,0.8508,-0.1717,-0.0194,0.3728,0.0078,-0.9277,0.2271,-0.0078,-0.1983,-0.0009,0.0005,-0.0014,1,1,4.9519,16
user2,midair,short,-2_2,-0.2662,0.8508,-0.1717,-0.0193,0.3729,0.0078,-0.9277,0.2271,-0.0077,-0.1984,-0.0010,0.0005,-0.0015,1,1,4.9696,16
user2,midair,short,-2_2,-0.2662,0.8508,-0.1717,-0.0193,0.3729,0.0077,-0.9276,0.2270,-0.0077,-0.1985,-0.0010,0.0005,-0.0015,1,1,4.9860,16
user2,midair,short,-2_2,-0.2662,0.8508,-0.1717,-0.0193,0.3730,0.0075,-0.9276,0.2269,-0.0077,-0.1985,-0.0011,0.0005,-0.0016,1,1,5.0028,16
user2,midair,short,-2_2,-0.2662,0.8508,-0.1717,-0.0193,0.3730,0.0074,-0.9276,0.2269,-0.0077,-0.1986,-0.0012,0.0005,-0.0017,1,1,5.0196,16
user2,midair,short,-2_2,-0.2662,0.8508,-0.1718,-0.0194,0.3730,0.0076,-0.9276,0.2268,-0.0075,-0.1986,-0.0012,0.0005,-0.0017,1,1,5.0365,16
user2,midair,short,-2_2,-0.2663,0.8508,-0.1718,-0.0194,0.3731,0.0076,-0.9276,0.2268,-0.0075,-0.1987,-0.0012,0.0005,-0.0018,1,1,5.0520,16
user2,midair,short,-2_2,-0.2663,0.8507,-0.1718,-0.0194,0.3731,0.0076,-0.9276,0.2268,-0.0074,-0.1987,-0.0013,0.0005,-0.0018,1,1,5.0696,16
user2,midair,short,-2_2,-0.2663,0.8507,-0.1718,-0.0194,0.3731,0.0076,-0.9275,0.2268,-0.0074,-0.1988,-0.0013,0.0005,-0.0019,1,1,5.0864,16
user2,midair,short,-2_2,-0.2663,0.8507,-0.1718,-0.0194,0.3731,0.0076,-0.9275,0.2268,-0.0073,-0.1988,-0.0013,0.0005,-0.0019,1,1,5.1042,16
user2,midair,short,-2_2,-0.2663,0.8507,-0.1718,-0.0194,0.3732,0.0076,-0.9275,0.2268,-0.0073,-0.1989,-0.0012,0.0005,-0.0019,1,1,5.1198,16
user2,midair,short,-2_2,-0.2663,0.8507,-0.1718,-0.0194,0.3732,0.0076,-0.9275,0.2268,-0.0073,-0.1989,-0.0012,0.0005,-0.0020,1,1,5.1363,16
user2,midair,short,-2_2,-0.2663,0.8507,-0.1719,-0.0194,0.3732,0.0075,-0.9275,0.2268,-0.0072,-0.1989,-0.0012,0.0005,-0.0020,1,1,5.1520,16
user2,midair,short,-2_2,-0.2663,0.8507,-0.1719,-0.0194,0.3732,0.0074,-0.9275,0.2269,-0.0072,-0.1989,-0.0012,0.0005,-0.0020,1,1,5.1699,16
user2,midair,short,-2_2,-0.2663,0.8507,-0.1719,-0.0194,0.3732,0.0073,-0.9275,0.2269,-0.0072,-0.1990,-0.0011,0.0005,-0.0020,1,1,5.1865,16
user2,midair,short,-2_2,-0.2663,0.8507,-0.1719,-0.0194,0.3733,0.0073,-0.9275,0.2269,-0.0072,-0.1990,-0.0011,0.0005,-0.0021,1,1,5.2032,16
user2,midair,short,-2_2,-0.2663,0.8506,-0.1719,-0.0194,0.3733,0.0072,-0.9275,0.2270,-0.0071,-0.1990,-0.0010,0.0005,-0.0021,1,1,5.2196,16
user2,midair,short,-2_2,-0.2663,0.8506,-0.1719,-0.0194,0.3733,0.0071,-0.9275,0.2271,-0.0071,-0.1990,-0.0010,0.0005,-0.0021,1,1,5.2364,16
user2,midair,short,-2_2,-0.2663,0.8506,-0.1719,-0.0194,0.3733,0.0070,-0.9275,0.2271,-0.0070,-0.1990,-0.0009,0.0005,-0.0020,1,1,5.2520,16
user2,midair,short,-2_2,-0.2663,0.8506,-0.1719,-0.0194,0.3733,0.0070,-0.9275,0.2272,-0.0070,-0.1990,-0.0008,0.0005,-0.0020,1,1,5.2696,16
user2,midair,short,-2_2,-0.2663,0.8506,-0.1719,-0.0194,0.3733,0.0069,-0.9275,0.2273,-0.0070,-0.1990,-0.0008,0.0005,-0.0020,1,1,5.2865,16
user2,midair,short,-2_2,-0.2663,0.8506,-0.1719,-0.0194,0.3733,0.0068,-0.9275,0.2273,-0.0069,-0.1989,-0.0007,0.0005,-0.0020,1,1,5.3027,16
user2,midair,short,-2_2,-0.2663,0.8506,-0.1719,-0.0194,0.3734,0.0067,-0.9275,0.2274,-0.0069,-0.1989,-0.0006,0.0005,-0.0020,1,1,5.3196,16
user2,midair,short,-2_2,-0.2663,0.8506,-0.1720,-0.0194,0.3734,0.0067,-0.9275,0.2275,-0.0069,-0.1989,-0.0005,0.0005,-0.0020,1,1,5.3365,16
user2,midair,short,-2_2,-0.2664,0.8506,-0.1720,-0.0194,0.3734,0.0067,-0.9275,0.2276,-0.0068,-0.1989,-0.0004,0.0005,-0.0020,1,1,5.3519,16
user2,midair,short,-2_2,-0.2664,0.8505,-0.1720,-0.0194,0.3734,0.0066,-0.9275,0.2277,-0.0067,-0.1989,-0.0003,0.0005,-0.0019,1,1,5.3696,16
user2,midair,short,-2_2,-0.2664,0.8505,-0.1720,-0.0194,0.3734,0.0066,-0.9275,0.2278,-0.0067,-0.1988,-0.0003,0.0005,-0.0019,1,1,5.3866,16
user2,midair,short,-2_2,-0.2664,0.8505,-0.1720,-0.0194,0.3733,0.0066,-0.9275,0.2278,-0.0066,-0.1988,-0.0002,0.0005,-0.0019,1,1,5.4032,16
user2,midair,short,-2_2,-0.2664,0.8505,-0.1720,-0.0194,0.3733,0.0066,-0.9275,0.2279,-0.0065,-0.1987,-0.0001,0.0005,-0.0018,1,1,5.4200,16
user2,midair,short,-2_2,-0.2664,0.8505,-0.1720,-0.0194,0.3733,0.0065,-0.9275,0.2280,-0.0065,-0.1987,-0.0001,0.0005,-0.0018,1,1,5.4362,16
user2,midair,short,-2_2,-0.2664,0.8505,-0.1720,-0.0194,0.3733,0.0064,-0.9275,0.2280,-0.0065,-0.1986,0.0000,0.0005,-0.0017,1,1,5.4520,16
user2,midair,short,-2_2,-0.2664,0.8505,-0.1720,-0.0194,0.3733,0.0063,-0.9275,0.2281,-0.0064,-0.1986,0.0001,0.0005,-0.0016,1,1,5.4695,16
user2,midair,short,-2_2,-0.2664,0.8505,-0.1721,-0.0194,0.3733,0.0063,-0.9275,0.2281,-0.0064,-0.1985,0.0001,0.0005,-0.0016,1,1,5.4865,16
user2,midair,short,-2_2,-0.2664,0.8505,-0.1721,-0.0194,0.3733,0.0063,-0.9275,0.2281,-0.0063,-0.1984,0.0001,0.0005,-0.0015,1,1,5.5033,16
user2,midair,short,-2_2,-0.2664,0.8505,-0.1721,-0.0194,0.3733,0.0063,-0.9275,0.2282,-0.0063,-0.1984,0.0001,0.0005,-0.0014,1,1,5.5199,16
user2,midair,short,-2_2,-0.2664,0.8505,-0.1721,-0.0194,0.3733,0.0063,-0.9275,0.2282,-0.0062,-0.1983,0.0001,0.0005,-0.0014,1,1,5.5367,16
user2,midair,short,-2_2,-0.2664,0.8505,-0.1721,-0.0194,0.3733,0.0063,-0.9275,0.2282,-0.0062,-0.1982,0.0001,0.0005,-0.0013,1,1,5.5522,16
user2,midair,short,-2_2,-0.2664,0.8505,-0.1721,-0.0194,0.3733,0.0063,-0.9275,0.2282,-0.0062,-0.1981,0.0001,0.0005,-0.0012,1,1,5.5696,16
user2,midair,short,-2_2,-0.2664,0.8505,-0.1721,-0.0194,0.3733,0.0063,-0.9275,0.2282,-0.0061,-0.1981,0.0001,0.0005,-0.0011,1,1,5.5866,16
user2,midair,short,-2_2,-0.2664,0.8505,-0.1721,-0.0194,0.3732,0.0062,-0.9275,0.2281,-0.0061,-0.1980,0.0001,0.0005,-0.0011,1,1,5.6039,16
user2,midair,short,-2_2,-0.2664,0.8505,-0.1721,-0.0194,0.3732,0.0062,-0.9275,0.2281,-0.0061,-0.1979,0.0001,0.0005,-0.0010,1,1,5.6198,16
user2,midair,short,-2_2,-0.2664,0.8504,-0.1721,-0.0194,0.3732,0.0062,-0.9275,0.2281,-0.0060,-0.1979,0.0001,0.0005,-0.0009,1,1,5.6361,16
user2,midair,short,-2_2,-0.2664,0.8504,-0.1721,-0.0194,0.3732,0.0062,-0.9275,0.2281,-0.0060,-0.1978,0.0001,0.0005,-0.0009,1,1,5.6523,16
user2,midair,short,-2_2,-0.2664,0.8504,-0.1721,-0.0194,0.3731,0.0062,-0.9276,0.2281,-0.0060,-0.1977,0.0001,0.0005,-0.0008,1,1,5.6698,16
user2,midair,short,-2_2,-0.2664,0.8504,-0.1721,-0.0193,0.3731,0.0062,-0.9276,0.2281,-0.0060,-0.1977,0.0001,0.0005,-0.0007,1,1,5.6866,16
user2,midair,short,-2_2,-0.2664,0.8504,-0.1721,-0.0193,0.3731,0.0061,-0.9276,0.2281,-0.0059,-0.1976,0.0001,0.0005,-0.0007,1,1,5.7030,16
user2,midair,short,-2_2,-0.2664,0.8504,-0.1721,-0.0193,0.3731,0.0061,-0.9276,0.2282,-0.0059,-0.1975,0.0001,0.0005,-0.0006,1,1,5.7200,16
user2,midair,short,-2_2,-0.2664,0.8504,-0.1721,-0.0193,0.3730,0.0061,-0.9276,0.2282,-0.0059,-0.1975,0.0001,0.0005,-0.0006,1,1,5.7362,16
user2,midair,short,-2_2,-0.2665,0.8504,-0.1721,-0.0193,0.3730,0.0061,-0.9276,0.2282,-0.0059,-0.1974,0.0002,0.0005,-0.0005,1,1,5.7521,16
user2,midair,short,-2_2,-0.2665,0.8504,-0.1721,-0.0193,0.3729,0.0061,-0.9276,0.2282,-0.0059,-0.1974,0.0002,0.0005,-0.0005,1,1,5.7695,16
user2,midair,short,-2_2,-0.2665,0.8504,-0.1721,-0.0193,0.3729,0.0061,-0.9276,0.2282,-0.0058,-0.1973,0.0002,0.0005,-0.0004,1,1,5.7863,16
user2,midair,short,-2_2,-0.2665,0.8504,-0.1722,-0.0192,0.3729,0.0061,-0.9276,0.2282,-0.0058,-0.1973,0.0002,0.0005,-0.0004,1,1,5.8033,16
user2,midair,short,-2_2,-0.2665,0.8504,-0.1722,-0.0192,0.3729,0.0061,-0.9277,0.2283,-0.0058,-0.1972,0.0002,0.0005,-0.0003,1,1,5.8197,16
user2,midair,short,-2_2,-0.2665,0.8504,-0.1722,-0.0192,0.3729,0.0061,-0.9277,0.2283,-0.0057,-0.1972,0.0003,0.0005,-0.0003,1,1,5.8367,16
user2,midair,short,-2_2,-0.2666,0.8504,-0.1722,-0.0193,0.3728,0.0061,-0.9277,0.2283,-0.0057,-0.1972,0.0003,0.0005,-0.0003,1,1,5.8521,16
user2,midair,short,-2_2,-0.2666,0.8503,-0.1722,-0.0192,0.3728,0.0061,-0.9277,0.2284,-0.0057,-0.1971,0.0004,0.0005,-0.0002,1,1,5.8699,16
user2,midair,short,-2_2,-0.2666,0.8503,-0.1722,-0.0192,0.3728,0.0061,-0.9277,0.2284,-0.0056,-0.1971,0.0004,0.0005,-0.0002,1,1,5.8865,16
user2,midair,short,-2_2,-0.2666,0.8503,-0.1722,-0.0193,0.3727,0.0061,-0.9277,0.2285,-0.0056,-0.1971,0.0005,0.0005,-0.0002,1,1,5.9034,16
user2,midair,short,-2_2,-0.2667,0.8503,-0.1722,-0.0193,0.3727,0.0061,-0.9277,0.2285,-0.0055,-0.1971,0.0005,0.0005,-0.0002,1,1,5.9195,16
user2,midair,short,-2_2,-0.2667,0.8503,-0.1722,-0.0193,0.3727,0.0061,-0.9277,0.2286,-0.0055,-0.1971,0.0006,0.0005,-0.0001,1,1,5.9366,16
user2,midair,short,-2_2,-0.2667,0.8503,-0.1722,-0.0193,0.3727,0.0061,-0.9277,0.2286,-0.0055,-0.1971,0.0006,0.0005,-0.0001,1,1,5.9539,16
user2,midair,short,-2_2,-0.2667,0.8503,-0.1722,-0.0193,0.3727,0.0060,-0.9277,0.2287,-0.0055,-0.1971,0.0006,0.0005,-0.0002,1,1,5.9695,16
user2,midair,short,-2_2,-0.2667,0.8503,-0.1722,-0.0193,0.3727,0.0059,-0.9277,0.2287,-0.0055,-0.1971,0.0007,0.0005,-0.0002,1,1,5.9863,16
user2,midair,short,-2_2,-0.2667,0.8503,-0.1722,-0.0193,0.3727,0.0058,-0.9278,0.2288,-0.0055,-0.1971,0.0007,0.0005,-0.0002,1,1,6.0029,16
user2,midair,short,-2_2,-0.2667,0.8503,-0.1722,-0.0193,0.3727,0.0057,-0.9278,0.2288,-0.0055,-0.1971,0.0008,0.0005,-0.0002,1,1,6.0197,16
user2,midair,short,-2_2,-0.2668,0.8503,-0.1722,-0.0194,0.3727,0.0055,-0.9277,0.2288,-0.0056,-0.1972,0.0008,0.0005,-0.0003,1,1,6.0366,16
user2,midair,short,-2_2,-0.2668,0.8502,-0.1722,-0.0194,0.3727,0.0053,-0.9277,0.2289,-0.0057,-0.1972,0.0008,0.0005,-0.0003,1,1,6.0523,16
user2,midair,short,-2_2,-0.2668,0.8502,-0.1722,-0.0194,0.3727,0.0052,-0.9277,0.2289,-0.0057,-0.1973,0.0009,0.0005,-0.0004,1,1,6.0696,16
user2,midair,short,-2_2,-0.2668,0.8502,-0.1722,-0.0194,0.3727,0.0051,-0.9277,0.2290,-0.0057,-0.1973,0.0010,0.0005,-0.0004,1,1,6.0865,16
user2,midair,short,-2_2,-0.2668,0.8502,-0.1722,-0.0195,0.3726,0.0051,-0.9278,0.2291,-0.0057,-0.1974,0.0010,0.0005,-0.0004,1,1,6.1037,16
user2,midair,short,-2_2,-0.2668,0.8502,-0.1722,-0.0195,0.3726,0.0050,-0.9278,0.2292,-0.0057,-0.1974,0.0011,0.0005,-0.0005,1,1,6.1196,16
user2,midair,short,-2_2,-0.2668,0.8502,-0.1722,-0.0195,0.3726,0.0050,-0.9278,0.2292,-0.0057,-0.1974,0.0012,0.0005,-0.0005,1,1,6.1364,16
user2,midair,short,-2_2,-0.2669,0.8502,-0.1722,-0.0196,0.3726,0.0049,-0.9278,0.2293,-0.0057,-0.1975,0.0013,0.0005,-0.0006,1,1,6.1528,16
user2,midair,short,-2_2,-0.2669,0.8502,-0.1722,-0.0197,0.3726,0.0048,-0.9278,0.2294,-0.0058,-0.1976,0.0013,0.0005,-0.0007,1,1,6.1699,16
user2,midair,short,-2_2,-0.2669,0.8502,-0.1722,-0.0198,0.3726,0.0048,-0.9278,0.2294,-0.0057,-0.1976,0.0014,0.0005,-0.0007,1,1,6.1863,16
user2,midair,short,-2_2,-0.2669,0.8502,-0.1722,-0.0199,0.3725,0.0049,-0.9278,0.2295,-0.0056,-0.1976,0.0015,0.0005,-0.0007,1,1,6.2050,16
user2,midair,short,-2_2,-0.2669,0.8502,-0.1722,-0.0199,0.3725,0.0051,-0.9278,0.2296,-0.0055,-0.1977,0.0015,0.0005,-0.0008,1,1,6.2200,16
user2,midair,short,-2_2,-0.2669,0.8502,-0.1722,-0.0200,0.3725,0.0053,-0.9278,0.2296,-0.0053,-0.1977,0.0016,0.0005,-0.0008,1,1,6.2365,16
user2,midair,short,-2_2,-0.2669,0.8502,-0.1722,-0.0200,0.3724,0.0057,-0.9278,0.2297,-0.0050,-0.1977,0.0016,0.0005,-0.0008,1,1,6.2523,16
user2,midair,short,-2_2,-0.2669,0.8502,-0.1722,-0.0200,0.3724,0.0061,-0.9278,0.2297,-0.0048,-0.1977,0.0017,0.0005,-0.0008,1,1,6.2699,16
user2,midair,short,-2_2,-0.2669,0.8503,-0.1722,-0.0200,0.3724,0.0064,-0.9279,0.2297,-0.0045,-0.1977,0.0017,0.0005,-0.0008,1,1,6.2881,16
user2,midair,short,-2_2,-0.2669,0.8503,-0.1722,-0.0199,0.3723,0.0066,-0.9279,0.2297,-0.0044,-0.1977,0.0017,0.0005,-0.0008,1,1,6.3032,16
user2,midair,short,-2_2,-0.2669,0.8503,-0.1722,-0.0198,0.3723,0.0068,-0.9279,0.2297,-0.0042,-0.1977,0.0017,0.0005,-0.0008,1,1,6.3201,16
user2,midair,short,-2_2,-0.2669,0.8503,-0.1722,-0.0197,0.3723,0.0070,-0.9279,0.2297,-0.0041,-0.1977,0.0017,0.0005,-0.0008,1,1,6.3368,16
user2,midair,short,-2_2,-0.2669,0.8504,-0.1722,-0.0197,0.3722,0.0072,-0.9279,0.2297,-0.0039,-0.1977,0.0017,0.0005,-0.0007,1,1,6.3525,16
user2,midair,short,-2_2,-0.2669,0.8504,-0.1722,-0.0196,0.3722,0.0074,-0.9279,0.2298,-0.0038,-0.1976,0.0017,0.0005,-0.0007,1,1,6.3699,16
user2,midair,short,-2_2,-0.2669,0.8504,-0.1722,-0.0196,0.3722,0.0076,-0.9279,0.2298,-0.0036,-0.1976,0.0018,0.0005,-0.0007,1,1,6.3865,16
user2,midair,short,-2_2,-0.2669,0.8504,-0.1722,-0.0195,0.3722,0.0078,-0.9279,0.2298,-0.0034,-0.1976,0.0018,0.0005,-0.0007,1,1,6.4033,16
user2,midair,short,-2_2,-0.2669,0.8504,-0.1722,-0.0195,0.3721,0.0081,-0.9279,0.2299,-0.0033,-0.1976,0.0018,0.0005,-0.0006,1,1,6.4198,16
user2,midair,short,-2_2,-0.2669,0.8505,-0.1722,-0.0195,0.3721,0.0083,-0.9279,0.2299,-0.0032,-0.1975,0.0019,0.0005,-0.0006,1,1,6.4366,16
user2,midair,short,-2_2,-0.2669,0.8505,-0.1722,-0.0195,0.3721,0.0084,-0.9280,0.2299,-0.0030,-0.1975,0.0019,0.0005,-0.0006,1,1,6.4523,16
user2,midair,short,-2_2,-0.2669,0.8505,-0.1722,-0.0195,0.3720,0.0086,-0.9280,0.2299,-0.0029,-0.1975,0.0019,0.0005,-0.0006,1,1,6.4701,16
user2,midair,short,-2_2,-0.2669,0.8505,-0.1722,-0.0194,0.3721,0.0088,-0.9280,0.2299,-0.0028,-0.1975,0.0019,0.0005,-0.0006,1,1,6.4868,16
user2,midair,short,-2_2,-0.2670,0.8505,-0.1722,-0.0194,0.3720,0.0089,-0.9280,0.2300,-0.0027,-0.1975,0.0019,0.0005,-0.0006,1,1,6.5051,16
user2,midair,short,-2_2,-0.2670,0.8506,-0.1722,-0.0194,0.3720,0.0091,-0.9280,0.2300,-0.0025,-0.1975,0.0019,0.0005,-0.0006,1,1,6.5197,16
user2,midair,short,-2_2,-0.2670,0.8506,-0.1722,-0.0193,0.3720,0.0093,-0.9280,0.2300,-0.0023,-0.1975,0.0019,0.0005,-0.0006,1,1,6.5364,16
user2,midair,short,-2_2,-0.2670,0.8506,-0.1722,-0.0193,0.3720,0.0095,-0.9280,0.2300,-0.0022,-0.1975,0.0020,0.0005,-0.0006,1,1,6.5525,16
user2,midair,short,-2_2,-0.2670,0.8506,-0.1722,-0.0193,0.3720,0.0096,-0.9280,0.2300,-0.0021,-0.1975,0.0019,0.0005,-0.0006,1,1,6.5696,16
user2,midair,short,-2_2,-0.2671,0.8506,-0.1722,-0.0193,0.3720,0.0097,-0.9280,0.2300,-0.0020,-0.1975,0.0019,0.0005,-0.0006,1,1,6.5864,16
user2,midair,short,-2_2,-0.2671,0.8506,-0.1722,-0.0192,0.3720,0.0099,-0.9280,0.2299,-0.0019,-0.1975,0.0019,0.0005,-0.0006,1,1,6.6033,16
user2,midair,short,-2_2,-0.2671,0.8506,-0.1722,-0.0192,0.3720,0.0100,-0.9280,0.2299,-0.0017,-0.1974,0.0019,0.0005,-0.0005,1,1,6.6201,16
user2,midair,short,-2_2,-0.2671,0.8507,-0.1722,-0.0192,0.3720,0.0103,-0.9280,0.2299,-0.0015,-0.1974,0.0019,0.0005,-0.0005,1,1,6.6366,16
user2,midair,short,-2_2,-0.2671,0.8507,-0.1722,-0.0192,0.3720,0.0104,-0.9280,0.2299,-0.0015,-0.1974,0.0018,0.0005,-0.0005,1,1,6.6523,16
user2,midair,short,-2_2,-0.2671,0.8507,-0.1722,-0.0192,0.3719,0.0106,-0.9280,0.2298,-0.0014,-0.1974,0.0018,0.0005,-0.0005,1,1,6.6701,16
user2,midair,short,-2_2,-0.2671,0.8507,-0.1722,-0.0192,0.3719,0.0107,-0.9280,0.2298,-0.0013,-0.1974,0.0018,0.0005,-0.0005,1,1,6.6864,16
user2,midair,short,-2_2,-0.2671,0.8507,-0.1722,-0.0192,0.3719,0.0109,-0.9280,0.2298,-0.0012,-0.1974,0.0018,0.0005,-0.0005,1,1,6.7032,16
user2,midair,short,-2_2,-0.2671,0.8507,-0.1722,-0.0192,0.3719,0.0110,-0.9280,0.2298,-0.0012,-0.1975,0.0017,0.0005,-0.0006,1,1,6.7199,16
user2,midair,short,-2_2,-0.2671,0.8507,-0.1722,-0.0192,0.3718,0.0111,-0.9280,0.2297,-0.0011,-0.1974,0.0017,0.0005,-0.0005,1,1,6.7383,16
user2,midair,short,-2_2,-0.2671,0.8507,-0.1722,-0.0192,0.3718,0.0112,-0.9280,0.2297,-0.0011,-0.1974,0.0017,0.0005,-0.0005,1,1,6.7525,16
user2,midair,short,-2_2,-0.2671,0.8507,-0.1722,-0.0192,0.3718,0.0113,-0.9280,0.2296,-0.0010,-0.1974,0.0016,0.0005,-0.0005,1,1,6.7702,16
user2,midair,short,-2_2,-0.2672,0.8507,-0.1722,-0.0192,0.3718,0.0114,-0.9280,0.2295,-0.0009,-0.1974,0.0015,0.0005,-0.0005,1,1,6.7866,16
user2,midair,short,-2_2,-0.2672,0.8507,-0.1722,-0.0191,0.3718,0.0115,-0.9280,0.2295,-0.0008,-0.1973,0.0014,0.0005,-0.0004,1,1,6.8031,16
user2,midair,short,-2_2,-0.2672,0.8508,-0.1722,-0.0190,0.3718,0.0116,-0.9280,0.2294,-0.0007,-0.1973,0.0013,0.0005,-0.0004,1,1,6.8199,16
user2,midair,short,-2_2,-0.2672,0.8508,-0.1722,-0.0189,0.3719,0.0116,-0.9280,0.2293,-0.0006,-0.1973,0.0012,0.0005,-0.0003,1,1,6.8367,16
user2,midair,short,-2_2,-0.2672,0.8508,-0.1722,-0.0188,0.3719,0.0117,-0.9280,0.2291,-0.0005,-0.1972,0.0011,0.0005,-0.0003,1,1,6.8523,16
user2,midair,short,-2_2,-0.2672,0.8508,-0.1721,-0.0188,0.3719,0.0117,-0.9280,0.2290,-0.0005,-0.1972,0.0010,0.0005,-0.0003,1,1,6.8702,16
user2,midair,short,-2_2,-0.2672,0.8508,-0.1721,-0.0187,0.3719,0.0117,-0.9280,0.2289,-0.0004,-0.1972,0.0009,0.0005,-0.0003,1,1,6.8865,16
user2,midair,short,-2_2,-0.2672,0.8509,-0.1721,-0.0187,0.3719,0.0116,-0.9280,0.2288,-0.0005,-0.1971,0.0008,0.0005,-0.0002,1,1,6.9036,16
user2,midair,short,-2_2,-0.2672,0.8509,-0.1721,-0.0186,0.3719,0.0115,-0.9280,0.2287,-0.0005,-0.1971,0.0007,0.0005,-0.0002,1,1,6.9198,16
user2,midair,short,-2_2,-0.2672,0.8509,-0.1721,-0.0186,0.3719,0.0116,-0.9280,0.2286,-0.0004,-0.1971,0.0006,0.0005,-0.0001,1,1,6.9369,16
user2,midair,short,-2_2,-0.2672,0.8509,-0.1721,-0.0185,0.3719,0.0115,-0.9280,0.2285,-0.0004,-0.1970,0.0005,0.0005,-0.0001,1,1,6.9523,16
user2,midair,short,-2_2,-0.2672,0.8509,-0.1721,-0.0186,0.3719,0.0116,-0.9280,0.2284,-0.0003,-0.1970,0.0004,0.0005,-0.0001,1,1,6.9701,16
user2,midair,short,-2_2,-0.2672,0.8509,-0.1721,-0.0186,0.3719,0.0116,-0.9280,0.2283,-0.0003,-0.1970,0.0003,0.0005,-0.0001,1,1,6.9867,16
user2,midair,short,-2_2,-0.2672,0.8509,-0.1721,-0.0186,0.3719,0.0117,-0.9280,0.2282,-0.0002,-0.1969,0.0002,0.0005,0.0000,1,1,7.0031,16
user2,midair,short,-2_2,-0.2672,0.8509,-0.1721,-0.0186,0.3719,0.0116,-0.9280,0.2281,-0.0002,-0.1969,0.0001,0.0005,0.0000,1,1,7.0200,16
user2,midair,short,-2_2,-0.2672,0.8509,-0.1721,-0.0185,0.3718,0.0116,-0.9280,0.2280,-0.0003,-0.1970,0.0000,0.0005,0.0000,1,1,7.0366,16
user2,midair,short,-2_2,-0.2672,0.8509,-0.1721,-0.0185,0.3718,0.0115,-0.9280,0.2280,-0.0003,-0.1970,0.0000,0.0005,-0.0001,1,1,7.0522,16
user2,midair,short,-2_2,-0.2672,0.8509,-0.1721,-0.0184,0.3718,0.0115,-0.9281,0.2279,-0.0004,-0.1970,-0.0001,0.0005,-0.0001,1,1,7.0700,16
user2,midair,short,-2_2,-0.2672,0.8509,-0.1721,-0.0185,0.3718,0.0116,-0.9280,0.2279,-0.0004,-0.1971,-0.0002,0.0005,-0.0002,1,1,7.0870,16
user2,midair,short,-2_2,-0.2672,0.8509,-0.1721,-0.0185,0.3718,0.0116,-0.9280,0.2278,-0.0004,-0.1971,-0.0002,0.0005,-0.0002,1,1,7.1035,16
user2,midair,short,-2_2,-0.2672,0.8509,-0.1721,-0.0185,0.3718,0.0116,-0.9280,0.2278,-0.0004,-0.1972,-0.0002,0.0005,-0.0002,1,1,7.1200,16
user2,midair,short,-2_2,-0.2672,0.8509,-0.1721,-0.0185,0.3718,0.0116,-0.9280,0.2278,-0.0005,-0.1972,-0.0003,0.0005,-0.0003,1,1,7.1367,16
user2,midair,short,-2_2,-0.2672,0.8509,-0.1722,-0.0186,0.3718,0.0116,-0.9280,0.2278,-0.0005,-0.1972,-0.0003,0.0005,-0.0003,1,1,7.1755,16
user2,midair,short,-2_2,-0.2672,0.8509,-0.1722,-0.0185,0.3718,0.0116,-0.9280,0.2277,-0.0005,-0.1972,-0.0003,0.0005,-0.0003,1,1,7.1786,16
user2,midair,short,-2_2,-0.2672,0.8509,-0.1722,-0.0185,0.3718,0.0115,-0.9280,0.2277,-0.0005,-0.1973,-0.0003,0.0005,-0.0004,1,1,7.1859,16
user2,midair,short,-2_2,-0.2672,0.8508,-0.1722,-0.0185,0.3718,0.0116,-0.9281,0.2277,-0.0005,-0.1973,-0.0003,0.0005,-0.0004,1,1,7.2031,16
user2,midair,short,-2_2,-0.2672,0.8508,-0.1722,-0.0185,0.3718,0.0116,-0.9281,0.2277,-0.0005,-0.1973,-0.0004,0.0005,-0.0004,1,1,7.2198,16
user2,midair,short,-2_2,-0.2672,0.8508,-0.1722,-0.0185,0.3718,0.0115,-0.9281,0.2276,-0.0006,-0.1973,-0.0004,0.0005,-0.0004,1,1,7.2369,16
